CREATE DATABASE  IF NOT EXISTS `littlelemondb` /*!40100 DEFAULT CHARACTER SET utf8mb3 */ /*!80016 DEFAULT ENCRYPTION='N' */;
USE `littlelemondb`;
-- MySQL dump 10.13  Distrib 8.0.32, for Win64 (x86_64)
--
-- Host: 127.0.0.1    Database: littlelemondb
-- ------------------------------------------------------
-- Server version	8.0.32

/*!40101 SET @OLD_CHARACTER_SET_CLIENT=@@CHARACTER_SET_CLIENT */;
/*!40101 SET @OLD_CHARACTER_SET_RESULTS=@@CHARACTER_SET_RESULTS */;
/*!40101 SET @OLD_COLLATION_CONNECTION=@@COLLATION_CONNECTION */;
/*!50503 SET NAMES utf8 */;
/*!40103 SET @OLD_TIME_ZONE=@@TIME_ZONE */;
/*!40103 SET TIME_ZONE='+00:00' */;
/*!40014 SET @OLD_UNIQUE_CHECKS=@@UNIQUE_CHECKS, UNIQUE_CHECKS=0 */;
/*!40014 SET @OLD_FOREIGN_KEY_CHECKS=@@FOREIGN_KEY_CHECKS, FOREIGN_KEY_CHECKS=0 */;
/*!40101 SET @OLD_SQL_MODE=@@SQL_MODE, SQL_MODE='NO_AUTO_VALUE_ON_ZERO' */;
/*!40111 SET @OLD_SQL_NOTES=@@SQL_NOTES, SQL_NOTES=0 */;

--
-- Table structure for table `bookings`
--

DROP TABLE IF EXISTS `bookings`;
/*!40101 SET @saved_cs_client     = @@character_set_client */;
/*!50503 SET character_set_client = utf8mb4 */;
CREATE TABLE `bookings` (
  `BookingID` int NOT NULL,
  `BookingDate` date DEFAULT NULL,
  `TableNumber` int DEFAULT NULL,
  `StaffID` int DEFAULT NULL,
  `CustomerID` int NOT NULL,
  PRIMARY KEY (`BookingID`),
  KEY `staff_id_fk_idx` (`StaffID`),
  KEY `CustomerID` (`CustomerID`),
  CONSTRAINT `bookings_ibfk_1` FOREIGN KEY (`CustomerID`) REFERENCES `customers` (`CustomerID`),
  CONSTRAINT `staff_id_fk` FOREIGN KEY (`StaffID`) REFERENCES `staff` (`StaffID`) ON DELETE CASCADE ON UPDATE CASCADE
) ENGINE=InnoDB DEFAULT CHARSET=utf8mb3;
/*!40101 SET character_set_client = @saved_cs_client */;

--
-- Dumping data for table `bookings`
--

LOCK TABLES `bookings` WRITE;
/*!40000 ALTER TABLE `bookings` DISABLE KEYS */;
INSERT INTO `bookings` VALUES (1,'2023-04-12',5,2,1),(2,'2023-04-13',3,1,3),(3,'2023-04-12',2,1,2),(4,'2023-04-12',2,1,1),(12,'2030-04-12',3,1,2);
/*!40000 ALTER TABLE `bookings` ENABLE KEYS */;
UNLOCK TABLES;

--
-- Table structure for table `customers`
--

DROP TABLE IF EXISTS `customers`;
/*!40101 SET @saved_cs_client     = @@character_set_client */;
/*!50503 SET character_set_client = utf8mb4 */;
CREATE TABLE `customers` (
  `CustomerID` int NOT NULL,
  `CustomerName` varchar(255) NOT NULL,
  `PhoneNumber` varchar(50) NOT NULL,
  PRIMARY KEY (`CustomerID`)
) ENGINE=InnoDB DEFAULT CHARSET=utf8mb3;
/*!40101 SET character_set_client = @saved_cs_client */;

--
-- Dumping data for table `customers`
--

LOCK TABLES `customers` WRITE;
/*!40000 ALTER TABLE `customers` DISABLE KEYS */;
INSERT INTO `customers` VALUES (1,'Vanessa Hernandez','8326248997'),(2,'Katie Watkins','7546248997'),(3,'Martha Salazar','2147296740');
/*!40000 ALTER TABLE `customers` ENABLE KEYS */;
UNLOCK TABLES;

--
-- Table structure for table `menuitems`
--

DROP TABLE IF EXISTS `menuitems`;
/*!40101 SET @saved_cs_client     = @@character_set_client */;
/*!50503 SET character_set_client = utf8mb4 */;
CREATE TABLE `menuitems` (
  `MenuitemsID` int NOT NULL,
  `Name` varchar(255) DEFAULT NULL,
  `Type` varchar(255) DEFAULT NULL,
  `Price` decimal(10,0) DEFAULT NULL,
  PRIMARY KEY (`MenuitemsID`)
) ENGINE=InnoDB DEFAULT CHARSET=utf8mb3;
/*!40101 SET character_set_client = @saved_cs_client */;

--
-- Dumping data for table `menuitems`
--

LOCK TABLES `menuitems` WRITE;
/*!40000 ALTER TABLE `menuitems` DISABLE KEYS */;
INSERT INTO `menuitems` VALUES (1,'Olives','Starters',5),(2,'Flatbread','Starters',5),(3,'Minestrone','Starters',8),(4,'Tomato bread','Starters',8),(5,'Falafel','Starters',7),(6,'Hummus','Starters',5),(7,'Greek salad','Main Courses',15),(8,'Bean soup','Main Courses',12),(9,'Pizza','Main Courses',15),(10,'Greek yoghurt','Desserts',7),(11,'Ice cream','Desserts',6),(12,'Cheesecake','Desserts',4),(13,'Athens White wine','Drinks',25),(14,'Corfu Red Wine','Drinks',30),(15,'Turkish Coffee','Drinks',10),(16,'Turkish Coffee','Drinks',10),(17,'Kabasa','Main Courses',17);
/*!40000 ALTER TABLE `menuitems` ENABLE KEYS */;
UNLOCK TABLES;

--
-- Table structure for table `menus`
--

DROP TABLE IF EXISTS `menus`;
/*!40101 SET @saved_cs_client     = @@character_set_client */;
/*!50503 SET character_set_client = utf8mb4 */;
CREATE TABLE `menus` (
  `MenuID` int NOT NULL,
  `Cuisine` varchar(100) DEFAULT NULL,
  `MenuName` varchar(100) DEFAULT NULL,
  `MenuItemsID` int DEFAULT NULL,
  PRIMARY KEY (`MenuID`),
  KEY `menu_item_id_fk_idx` (`MenuItemsID`),
  CONSTRAINT `menu_item_id_fk` FOREIGN KEY (`MenuItemsID`) REFERENCES `menuitems` (`MenuitemsID`) ON DELETE CASCADE ON UPDATE CASCADE
) ENGINE=InnoDB DEFAULT CHARSET=utf8mb3;
/*!40101 SET character_set_client = @saved_cs_client */;

--
-- Dumping data for table `menus`
--

LOCK TABLES `menus` WRITE;
/*!40000 ALTER TABLE `menus` DISABLE KEYS */;
INSERT INTO `menus` VALUES (1,'Greek','Lunch',1),(2,'Greek','Lunch',7),(3,'Greek','Lunch',10),(4,'Greek','Lunch',13),(5,'Italian','Lunch',3),(6,'Italian','Lunch',9),(7,'Italian','Lunch',12),(8,'Italian','Lunch',15),(9,'Turkish','Lunch',5),(10,'Turkish','Lunch',17),(11,'Turkish','Lunch',11),(12,'Turkish','Lunch',16);
/*!40000 ALTER TABLE `menus` ENABLE KEYS */;
UNLOCK TABLES;

--
-- Table structure for table `orderdeliverystatus`
--

DROP TABLE IF EXISTS `orderdeliverystatus`;
/*!40101 SET @saved_cs_client     = @@character_set_client */;
/*!50503 SET character_set_client = utf8mb4 */;
CREATE TABLE `orderdeliverystatus` (
  `OrderDeliveryID` int NOT NULL,
  `Status` varchar(50) DEFAULT NULL,
  `DeliveryDate` date DEFAULT NULL,
  PRIMARY KEY (`OrderDeliveryID`)
) ENGINE=InnoDB DEFAULT CHARSET=utf8mb3;
/*!40101 SET character_set_client = @saved_cs_client */;

--
-- Dumping data for table `orderdeliverystatus`
--

LOCK TABLES `orderdeliverystatus` WRITE;
/*!40000 ALTER TABLE `orderdeliverystatus` DISABLE KEYS */;
INSERT INTO `orderdeliverystatus` VALUES (1,'in progress','2012-05-23'),(2,'in progress','2012-05-23'),(3,'in progress','2012-05-23'),(4,'in progress','2012-05-24'),(5,'in progress','2012-05-24'),(6,'in progress','2012-05-24'),(7,'done','2012-05-24'),(8,'done','2012-05-24'),(9,'done','2012-05-26'),(10,'done','2012-05-26'),(11,'done','2012-05-26'),(12,'done','2012-05-26');
/*!40000 ALTER TABLE `orderdeliverystatus` ENABLE KEYS */;
UNLOCK TABLES;

--
-- Table structure for table `orders`
--

DROP TABLE IF EXISTS `orders`;
/*!40101 SET @saved_cs_client     = @@character_set_client */;
/*!50503 SET character_set_client = utf8mb4 */;
CREATE TABLE `orders` (
  `OrderID` int NOT NULL,
  `OrderDate` date DEFAULT NULL,
  `TotalCost` decimal(10,0) DEFAULT NULL,
  `Quantity` int DEFAULT NULL,
  `CustomerID` int DEFAULT NULL,
  `BookingID` int DEFAULT NULL,
  `OrderDeliveryID` int DEFAULT NULL,
  `MenuID` int NOT NULL,
  PRIMARY KEY (`OrderID`),
  KEY `customer_id_fk_idx` (`CustomerID`),
  KEY `order_delivery_id_fk_idx` (`OrderDeliveryID`),
  KEY `booking_id_fk_idx` (`BookingID`),
  KEY `menu_id_fk_idx` (`MenuID`),
  CONSTRAINT `booking_id_fk` FOREIGN KEY (`BookingID`) REFERENCES `bookings` (`BookingID`) ON DELETE CASCADE ON UPDATE CASCADE,
  CONSTRAINT `customer_id_fk` FOREIGN KEY (`CustomerID`) REFERENCES `customers` (`CustomerID`) ON DELETE CASCADE ON UPDATE CASCADE,
  CONSTRAINT `menu_id_fk` FOREIGN KEY (`MenuID`) REFERENCES `menus` (`MenuID`) ON DELETE CASCADE ON UPDATE CASCADE,
  CONSTRAINT `order_delivery_id_fk` FOREIGN KEY (`OrderDeliveryID`) REFERENCES `orderdeliverystatus` (`OrderDeliveryID`) ON DELETE CASCADE ON UPDATE CASCADE
) ENGINE=InnoDB DEFAULT CHARSET=utf8mb3;
/*!40101 SET character_set_client = @saved_cs_client */;

--
-- Dumping data for table `orders`
--

LOCK TABLES `orders` WRITE;
/*!40000 ALTER TABLE `orders` DISABLE KEYS */;
INSERT INTO `orders` VALUES (1,'2012-05-23',86,2,1,1,1,1),(2,'2012-05-24',37,1,2,2,2,2),(3,'2012-05-26',37,1,3,3,3,2),(4,'2012-06-28',40,1,1,1,4,3),(5,'2012-06-29',150,5,2,2,5,1);
/*!40000 ALTER TABLE `orders` ENABLE KEYS */;
UNLOCK TABLES;

--
-- Temporary view structure for view `ordersview`
--

DROP TABLE IF EXISTS `ordersview`;
/*!50001 DROP VIEW IF EXISTS `ordersview`*/;
SET @saved_cs_client     = @@character_set_client;
/*!50503 SET character_set_client = utf8mb4 */;
/*!50001 CREATE VIEW `ordersview` AS SELECT 
 1 AS `OrderID`,
 1 AS `Quantity`,
 1 AS `TotalCost`*/;
SET character_set_client = @saved_cs_client;

--
-- Table structure for table `staff`
--

DROP TABLE IF EXISTS `staff`;
/*!40101 SET @saved_cs_client     = @@character_set_client */;
/*!50503 SET character_set_client = utf8mb4 */;
CREATE TABLE `staff` (
  `StaffID` int NOT NULL,
  `StaffName` varchar(255) DEFAULT NULL,
  `Role` varchar(100) DEFAULT NULL,
  `Salary` int DEFAULT NULL,
  PRIMARY KEY (`StaffID`)
) ENGINE=InnoDB DEFAULT CHARSET=utf8mb3;
/*!40101 SET character_set_client = @saved_cs_client */;

--
-- Dumping data for table `staff`
--

LOCK TABLES `staff` WRITE;
/*!40000 ALTER TABLE `staff` DISABLE KEYS */;
INSERT INTO `staff` VALUES (1,'Hilary Duff','waitress',50000),(2,'Jeff McDonal','waiter',51000),(3,'Brad Cortazzo','cheff',55000);
/*!40000 ALTER TABLE `staff` ENABLE KEYS */;
UNLOCK TABLES;

--
-- Final view structure for view `ordersview`
--

/*!50001 DROP VIEW IF EXISTS `ordersview`*/;
/*!50001 SET @saved_cs_client          = @@character_set_client */;
/*!50001 SET @saved_cs_results         = @@character_set_results */;
/*!50001 SET @saved_col_connection     = @@collation_connection */;
/*!50001 SET character_set_client      = utf8mb4 */;
/*!50001 SET character_set_results     = utf8mb4 */;
/*!50001 SET collation_connection      = utf8mb4_0900_ai_ci */;
/*!50001 CREATE ALGORITHM=UNDEFINED */
/*!50013 DEFINER=`admin1`@`%` SQL SECURITY DEFINER */
/*!50001 VIEW `ordersview` AS select `orders`.`OrderID` AS `OrderID`,`orders`.`Quantity` AS `Quantity`,`orders`.`TotalCost` AS `TotalCost` from `orders` where (`orders`.`Quantity` > 2) */;
/*!50001 SET character_set_client      = @saved_cs_client */;
/*!50001 SET character_set_results     = @saved_cs_results */;
/*!50001 SET collation_connection      = @saved_col_connection */;
/*!40103 SET TIME_ZONE=@OLD_TIME_ZONE */;

/*!40101 SET SQL_MODE=@OLD_SQL_MODE */;
/*!40014 SET FOREIGN_KEY_CHECKS=@OLD_FOREIGN_KEY_CHECKS */;
/*!40014 SET UNIQUE_CHECKS=@OLD_UNIQUE_CHECKS */;
/*!40101 SET CHARACTER_SET_CLIENT=@OLD_CHARACTER_SET_CLIENT */;
/*!40101 SET CHARACTER_SET_RESULTS=@OLD_CHARACTER_SET_RESULTS */;
/*!40101 SET COLLATION_CONNECTION=@OLD_COLLATION_CONNECTION */;
/*!40111 SET SQL_NOTES=@OLD_SQL_NOTES */;

-- Dump completed on 2023-04-13 19:35:51
